id,pwd,code
5347,164623,200000
8728,111541,200001
3617,208114,200005
8567,580427,200006
4262,321879,200010
3796,746364,200009
7012,211352,200006
4019,813566,200003
7258,791975,200005
3298,636515,200009
8333,381567,200001
3268,143348,200007
4736,279604,200000
8021,162617,200010
8988,415088,200003
5688,570426,200008
6422,425787,200009
6803,966553,200005
4764,250775,200003
5980,419473,200006
8580,945642,200010
2538,233582,200008
9187,904052,200008
3133,197672,200005
9373,571667,200000
3033,896043,200009
7701,121766,200000
9989,664458,200004
5565,835401,200001
7935,233423,200003
6020,178269,200009
8674,112405,200001
1781,251080,200009
2297,453145,200002
1458,438349,200000
4923,703280,200006
8083,234062,200006
9733,222984,200009
6421,442523,200001
8151,324311,200006
4351,672129,200001
1292,255621,200003
8389,697904,200002
8009,411741,200002
8511,927876,200008
9481,646533,200006
7227,206543,200009
1960,565340,200006
3219,965586,200002
4772,103559,200010
7326,130213,200000
3899,808056,200001
5715,586133,200003
1901,733252,200010
1401,228190,200009
1656,881776,200005
9587,389606,200006
4422,146395,200002
4472,411984,200005
9098,236818,200008
8312,180994,200010
1209,609785,200000
8283,139981,200003
6610,527746,200000
6603,491256,200009
5926,915754,200009
5373,425416,200001
2988,942063,200004
2881,274313,200003
4550,178548,200004
6979,676290,200010
6121,733621,200003
3095,905373,200004
8306,270062,200001
3659,762035,200010
6072,534026,200009
3611,503668,200004
7490,587027,200009
4281,523465,200010
5509,786577,200008
3299,412886,200007
7920,511142,200000
8003,124521,200002
6187,432228,200009
5259,549782,200003
4763,827956,200005
1642,155965,200005
7317,841251,200006
2841,119847,200002
4974,866639,200009
5639,480981,200000
9487,205152,200007
6998,372541,200003
8828,774160,200005
2746,807255,200000
5012,386698,200005
9383,837708,200010
3262,415159,200001
8432,104121,200007
4546,881760,200009
